"氏名","ふりがな","氏名ふりがな"
"林健司","はやしけんじ","林健司（はやしけんじ）"
"真下政義","ましたまさよし","真下政義（ましたまさよし）"
"松岡昭夫","まつおかあきお","松岡昭夫（まつおかあきお）"
"菅野一","かんのいち","菅野一（かんのいち）"
"たてしたマサ子","たてしたまさこ","たてしたマサ子（たてしたまさこ）"
"ゆうきくみこ","ゆうきくみこ","ゆうきくみこ（ゆうきくみこ）"
"益満寛志","ますみつひろし","益満寛志（ますみつひろし）"
"清水良英","しみずよしひで","清水良英（しみずよしひで）"
"横尾俊成","よこおしゅんせい","横尾俊成（よこおしゅんせい）"
"大滝実","おおたきみ","大滝実（おおたきみ）"
"西山信男","にしやまのぶお","西山信男（にしやまのぶお）"
"浜ゆずる","はまゆずる","浜ゆずる（はまゆずる）"
"佐々木義信","ささきよしのぶ","佐々木義信（ささきよしのぶ）"
"うかい雅彦","うかいまさひこ","うかい雅彦（うかいまさひこ）"
"井筒宣弘","いずつのぶひろ","井筒宣弘（いずつのぶひろ）"
"川村蒼市","かわむらあおし","川村蒼市（かわむらあおし）"
"渡辺専太郎","わたなべせんたろう","渡辺専太郎（わたなべせんたろう）"
"阿部浩子","あべひろこ","阿部浩子（あべひろこ）"
"伊東徳雄","いとうのりお","伊東徳雄（いとうのりお）"
"錦織淳二","にしきおりじゅんじ","錦織淳二（にしきおりじゅんじ）"
"清原和幸","きよはらかずゆき","清原和幸（きよはらかずゆき）"
"七戸淳","しちのへあつし","七戸淳（しちのへあつし）"
"榎本あゆみ","えのもとあゆみ","榎本あゆみ（えのもとあゆみ）"
"杉浦のりお","すぎうらのりお","杉浦のりお（すぎうらのりお）"
"古川伸一","ふるかわしんいち","古川伸一（ふるかわしんいち）"
"菅野弘一","かんのこういち","菅野弘一（かんのこういち）"
"土屋準","つちやじゅん","土屋準（つちやじゅん）"
"星野喬","ほしのたかし","星野喬（ほしのたかし）"
"琴尾みさと","こんおみさと","琴尾みさと（こんおみさと）"
"玉木まこと","たまきまこと","玉木まこと（たまきまこと）"
"水野むねひろ","みずのむねひろ","水野むねひろ（みずのむねひろ）"
"矢野健一郎","やのけんいちろう","矢野健一郎（やのけんいちろう）"
"榎本茂","えのもとしげる","榎本茂（えのもとしげる）"
"堀野国雄","ほりのくにお","堀野国雄（ほりのくにお）"
"金子久雄","かねこひさお","金子久雄（かねこひさお）"
"鈴木たかや","すずきたかや","鈴木たかや（すずきたかや）"
"島田幸雄","しまだゆきお","島田幸雄（しまだゆきお）"
"石渡ゆきこ","いしわたりゆきこ","石渡ゆきこ（いしわたりゆきこ）"
"鈴木たけし","すずきたけし","鈴木たけし（すずきたけし）"
"近藤まさ子","こんどうまさこ","近藤まさ子（こんどうまさこ）"
"風見利男","かざみとしお","風見利男（かざみとしお）"
"赤坂だいすけ","あかさかだいすけ","赤坂だいすけ（あかさかだいすけ）"
"村田和雄","むらたかずお","村田和雄（むらたかずお）"
"杉本とよひろ","すぎもととよひろ","杉本とよひろ（すぎもととよひろ）"
"遠山高史","とうやまたかし","遠山高史（とうやまたかし）"
"達下マサ子","とおるしたまさこ","達下マサ子（とおるしたまさこ）"
"有働巧","ゆうどうこう","有働巧（ゆうどうこう）"
"植木満","うえきまん","植木満（うえきまん）"
"うどう巧","うどうこう","うどう巧（うどうこう）"
"鈴木武昌","すずきたけまさ","鈴木武昌（すずきたけまさ）"
"栗橋伸次郎","くりはししんじろう","栗橋伸次郎（くりはししんじろう）"
"石塚壮一","いしづかそういち","石塚壮一（いしづかそういち）"
"沖島えみ子","おきしまえみこ","沖島えみ子（おきしまえみこ）"
"山本閉留巳","やまもとへいりゅうし","山本閉留巳（やまもとへいりゅうし）"
"赤坂大輔","あかさかだいすけ","赤坂大輔（あかさかだいすけ）"
"清水一郎","しみずいちろう","清水一郎（しみずいちろう）"
"結城光江","ゆうきみつえ","結城光江（ゆうきみつえ）"
"北村利明","きたむらとしあき","北村利明（きたむらとしあき）"
"なかまえ由紀","なかまえゆき","なかまえ由紀（なかまえゆき）"
"長島五郎","ながしまごろう","長島五郎（ながしまごろう）"
"いのくま正一","いのくましょういち","いのくま正一（いのくましょういち）"
"清家あい","せいけあい","清家あい（せいけあい）"
"大橋昭二","おおはししょうじ","大橋昭二（おおはししょうじ）"
"ちほぎみき子","ちほぎみきこ","ちほぎみき子（ちほぎみきこ）"
"藤田五郎","ふじたごろう","藤田五郎（ふじたごろう）"
"林田和雄","はやしだかずお","林田和雄（はやしだかずお）"
"杉原としお","すぎはらとしお","杉原としお（すぎはらとしお）"
"鈴木洋一","すずきよういち","鈴木洋一（すずきよういち）"
"福島宏子","ふくしまひろこ","福島宏子（ふくしまひろこ）"
"藤本潔","ふじもときよし","藤本潔（ふじもときよし）"
"森野弘司郎","もりのひろしろう","森野弘司郎（もりのひろしろう）"
"きたしろ勝彦","きたしろかつひこ","きたしろ勝彦（きたしろかつひこ）"
"マック赤坂","まっくあかさか","マック赤坂（まっくあかさか）"
"井上しげお","いのうえしげお","井上しげお（いのうえしげお）"
"二島豊司","にしまとよじ","二島豊司（にしまとよじ）"
"おぎくぼ省吾","おぎくぼしょうご","おぎくぼ省吾（おぎくぼしょうご）"
"なかね大","なかねだい","なかね大（なかねだい）"
"小倉りえこ","おぐらりえこ","小倉りえこ（おぐらりえこ）"
"宮崎一二","みやざきいちに","宮崎一二（みやざきいちに）"
"小田あき","おだあき","小田あき（おだあき）"
"熊田ちづ子","くまだちづこ","熊田ちづ子（くまだちづこ）"
"大谷たき子","おおたにたきこ","大谷たき子（おおたにたきこ）"
"滝川嶂之","たきかわしょうゆき","滝川嶂之（たきかわしょうゆき）"
"黒崎ゆういち","くろさきゆういち","黒崎ゆういち（くろさきゆういち）"
"樋渡紀和子","ひわたりきわこ","樋渡紀和子（ひわたりきわこ）"
"上田あつひで","うえだあつひで","上田あつひで（うえだあつひで）"
"木村のり子","きむらのりこ","木村のり子（きむらのりこ）"
"大蔦幸雄","だいつたゆきお","大蔦幸雄（だいつたゆきお）"
"横山勝司","よこやまかつじ","横山勝司（よこやまかつじ）"
"小斉太郎","しょうせいたろう","小斉太郎（しょうせいたろう）"
"池田たけし","いけだたけし","池田たけし（いけだたけし）"
"丸山たかのり","まるやまたかのり","丸山たかのり（まるやまたかのり）"
"七戸じゅん","しちのへじゅん","七戸じゅん（しちのへじゅん）"
"山越明","やまこしめい","山越明（やまこしめい）"
"兵藤ゆうこ","ひょうどうゆうこ","兵藤ゆうこ（ひょうどうゆうこ）"
"山野井つよし","やまのいつよし","山野井つよし（やまのいつよし）"
"達下まさ子","とおるしたまさこ","達下まさ子（とおるしたまさこ）"
"秋元ゆきひさ","あきもとゆきひさ","秋元ゆきひさ（あきもとゆきひさ）"
"やなざわ亜紀","やなざわあき","やなざわ亜紀（やなざわあき）"
"池田こうじ","いけだこうじ","池田こうじ（いけだこうじ）"
"岸田東三","きしだひがしさん","岸田東三（きしだひがしさん）"
"湯原信一","ゆはらしんいち","湯原信一（ゆはらしんいち）"
